column,n_non_null,n_unique,dtype
steam_appid,600,600,object
name,600,600,object
type,598,3,object
is_free,596,2,float64
required_age,596,4,float64
genres,595,185,object
categories,589,178,object
developers,594,583,object
publishers,596,570,object
controller_support,143,1,object
dlc,88,88,object
detailed_description,594,594,object
about_the_game,592,592,object
short_description,596,596,object
supported_languages,596,200,object
header_image,580,580,object
website,2,2,object
pc_requirements,596,595,object
mac_requirements,596,148,object
linux_requirements,596,93,object
legal_notice,161,161,object
demos,52,52,object
price_overview,438,119,object
packages,447,447,object
package_groups,596,442,object
platforms,596,5,object
reviews,91,91,object
screenshots,595,595,object
movies,553,553,object
achievements,284,280,object
support_info,596,571,object
background,0,0,object
content_descriptors,596,93,object
