feature,mean_abs_coef_across_labels
dlc_count,1.0604250378733497
demos_count,0.8861087204121911
mac,0.7300667768299797
linux,0.6818481694007634
is_free,0.652917832502894
packages_count,0.5800094539590309
package_groups_count,0.5557002110170282
win,0.48686373367010427
supported_languages_count,0.42230820459002144
price,0.40890846306570283
movies_count,0.35690539976163055
publisher_popularity,0.2893416690663964
required_age,0.2696684092473242
screenshots_count,0.2054526458723458
developer_popularity,0.14445362095358197
