label,rank,feature,coef,|coef|
Action,1,win,0.649020383392629,0.649020383392629
Action,2,supported_languages_count,0.42251390243105114,0.42251390243105114
Action,3,is_free,-0.3350956853255777,0.3350956853255777
Action,4,mac,-0.26479946082369893,0.26479946082369893
Action,5,package_groups_count,-0.10029672396376481,0.10029672396376481
Action,6,screenshots_count,0.08980123904580177,0.08980123904580177
Action,7,linux,-0.08722865427594588,0.08722865427594588
Action,8,required_age,0.0616359166713304,0.0616359166713304
Action,9,developer_popularity,-0.06151621735444101,0.06151621735444101
Action,10,demos_count,0.04443193390536601,0.04443193390536601
Adventure,1,supported_languages_count,1.3103165058986963,1.3103165058986963
Adventure,2,win,-0.29191562904524765,0.29191562904524765
Adventure,3,linux,-0.2253108108998041,0.2253108108998041
Adventure,4,demos_count,0.20115738713308703,0.20115738713308703
Adventure,5,dlc_count,-0.1761261956441714,0.1761261956441714
Adventure,6,is_free,-0.15053190599609234,0.15053190599609234
Adventure,7,package_groups_count,-0.1297498788652305,0.1297498788652305
Adventure,8,mac,0.12922484213659458,0.12922484213659458
Adventure,9,packages_count,0.06484298948292984,0.06484298948292984
Adventure,10,publisher_popularity,-0.05406362177113378,0.05406362177113378
Animation & Modeling,1,demos_count,-2.0574195617724396,2.0574195617724396
Animation & Modeling,2,packages_count,-1.8777609191829148,1.8777609191829148
Animation & Modeling,3,mac,-1.705807261266368,1.705807261266368
Animation & Modeling,4,dlc_count,-1.6714758576883189,1.6714758576883189
Animation & Modeling,5,is_free,1.6309898022051763,1.6309898022051763
Animation & Modeling,6,package_groups_count,1.5828325577791083,1.5828325577791083
Animation & Modeling,7,linux,-1.1298302358960433,1.1298302358960433
Animation & Modeling,8,movies_count,0.9486936574759168,0.9486936574759168
Animation & Modeling,9,required_age,-0.8390293950601007,0.8390293950601007
Animation & Modeling,10,publisher_popularity,-0.45001003215878344,0.45001003215878344
Audio Production,1,movies_count,-1.2693062298023916,1.2693062298023916
Audio Production,2,demos_count,1.2541515843059639,1.2541515843059639
Audio Production,3,supported_languages_count,-0.642811424687083,0.642811424687083
Audio Production,4,win,-0.6428112281710038,0.6428112281710038
Audio Production,5,mac,-0.381856682516905,0.381856682516905
Audio Production,6,linux,-0.2993934277521808,0.2993934277521808
Audio Production,7,price,0.19319522847558865,0.19319522847558865
Audio Production,8,package_groups_count,0.1688252029518126,0.1688252029518126
Audio Production,9,screenshots_count,0.16548625499069966,0.16548625499069966
Audio Production,10,developer_popularity,0.1620777328956445,0.1620777328956445
Casual,1,supported_languages_count,0.5171329560319161,0.5171329560319161
Casual,2,win,-0.328410968580059,0.328410968580059
Casual,3,dlc_count,-0.2355347662724109,0.2355347662724109
Casual,4,demos_count,-0.21710339364856165,0.21710339364856165
Casual,5,is_free,0.217024079508413,0.217024079508413
Casual,6,developer_popularity,0.18981062388205708,0.18981062388205708
Casual,7,required_age,-0.16648478032504901,0.16648478032504901
Casual,8,linux,0.14255467756253482,0.14255467756253482
Casual,9,package_groups_count,0.13711658038685004,0.13711658038685004
Casual,10,price,-0.12351451910438173,0.12351451910438173
Design & Illustration,1,demos_count,-2.0624945366031127,2.0624945366031127
Design & Illustration,2,packages_count,-1.9097467097750431,1.9097467097750431
Design & Illustration,3,mac,-1.7235306564332655,1.7235306564332655
Design & Illustration,4,is_free,1.6443339698258643,1.6443339698258643
Design & Illustration,5,package_groups_count,1.633239823834499,1.633239823834499
Design & Illustration,6,dlc_count,-1.6213401550936488,1.6213401550936488
Design & Illustration,7,linux,-1.167826839322457,1.167826839322457
Design & Illustration,8,movies_count,0.9926296851854691,0.9926296851854691
Design & Illustration,9,required_age,-0.8375806532797361,0.8375806532797361
Design & Illustration,10,supported_languages_count,-0.44982071008422403,0.44982071008422403
Early Access,1,dlc_count,-3.625843182347977,3.625843182347977
Early Access,2,win,0.8399372170887901,0.8399372170887901
Early Access,3,packages_count,-0.7873587528051273,0.7873587528051273
Early Access,4,supported_languages_count,0.6362442003082149,0.6362442003082149
Early Access,5,publisher_popularity,-0.5923906950850066,0.5923906950850066
Early Access,6,package_groups_count,0.5513039505855936,0.5513039505855936
Early Access,7,linux,-0.16806378956354553,0.16806378956354553
Early Access,8,price,0.1474426353237734,0.1474426353237734
Early Access,9,movies_count,0.08310470856221173,0.08310470856221173
Early Access,10,required_age,0.06483116049120086,0.06483116049120086
Education,1,linux,-2.0601571822437648,2.0601571822437648
Education,2,is_free,1.6075329847458946,1.6075329847458946
Education,3,demos_count,-1.3537974611860688,1.3537974611860688
Education,4,supported_languages_count,-1.1203436969947713,1.1203436969947713
Education,5,win,-1.1203133636172462,1.1203133636172462
Education,6,movies_count,1.0965566149629316,1.0965566149629316
Education,7,dlc_count,-0.9909075385597238,0.9909075385597238
Education,8,mac,0.9697407650951386,0.9697407650951386
Education,9,price,-0.9278275315813298,0.9278275315813298
Education,10,screenshots_count,-0.799414846211862,0.799414846211862
Free to Play,1,is_free,1.2653646150498081,1.2653646150498081
Free to Play,2,price,-1.1971797317086443,1.1971797317086443
Free to Play,3,package_groups_count,-0.2884616722056484,0.2884616722056484
Free to Play,4,movies_count,0.273306912356419,0.273306912356419
Free to Play,5,packages_count,0.11952596535852882,0.11952596535852882
Free to Play,6,screenshots_count,-0.10448968528507803,0.10448968528507803
Free to Play,7,linux,0.06460465439595543,0.06460465439595543
Free to Play,8,publisher_popularity,-0.0539558179105609,0.0539558179105609
Free to Play,9,demos_count,-0.04514740857498493,0.04514740857498493
Free to Play,10,supported_languages_count,0.0403638077897551,0.0403638077897551
Game Development,1,demos_count,-1.9892116629665384,1.9892116629665384
Game Development,2,packages_count,-1.7202070608621183,1.7202070608621183
Game Development,3,dlc_count,-1.7044594834456632,1.7044594834456632
Game Development,4,package_groups_count,1.6399018428440526,1.6399018428440526
Game Development,5,mac,-1.5746719707258217,1.5746719707258217
Game Development,6,linux,-0.925034397434608,0.925034397434608
Game Development,7,movies_count,0.8302390478441851,0.8302390478441851
Game Development,8,required_age,-0.7939488809904098,0.7939488809904098
Game Development,9,publisher_popularity,-0.47335826044335505,0.47335826044335505
Game Development,10,price,0.42825675185356443,0.42825675185356443
Gore,1,is_free,-4.132646044558302,4.132646044558302
Gore,2,price,-2.77369107423988,2.77369107423988
Gore,3,demos_count,-2.668517211816661,2.668517211816661
Gore,4,linux,-2.252097430017407,2.252097430017407
Gore,5,dlc_count,-1.4089477020138166,1.4089477020138166
Gore,6,mac,1.2727040394858855,1.2727040394858855
Gore,7,publisher_popularity,-0.9012553569169999,0.9012553569169999
Gore,8,screenshots_count,0.7402721302215379,0.7402721302215379
Gore,9,developer_popularity,0.6161618114851334,0.6161618114851334
Gore,10,packages_count,-0.6087361898611069,0.6087361898611069
Indie,1,win,0.9694607727476195,0.9694607727476195
Indie,2,dlc_count,-0.34017832023292044,0.34017832023292044
Indie,3,linux,0.2986037027191813,0.2986037027191813
Indie,4,price,-0.20861172062259467,0.20861172062259467
Indie,5,demos_count,0.14071033191262133,0.14071033191262133
Indie,6,is_free,-0.12340432950257811,0.12340432950257811
Indie,7,developer_popularity,0.11581983291965352,0.11581983291965352
Indie,8,packages_count,-0.1081027893252862,0.1081027893252862
Indie,9,publisher_popularity,-0.09241156257510054,0.09241156257510054
Indie,10,supported_languages_count,-0.08523325429941005,0.08523325429941005
Massively Multiplayer,1,demos_count,-1.5516325198412957,1.5516325198412957
Massively Multiplayer,2,dlc_count,-0.9572508952349783,0.9572508952349783
Massively Multiplayer,3,win,0.7800712699892826,0.7800712699892826
Massively Multiplayer,4,is_free,0.5605505667890743,0.5605505667890743
Massively Multiplayer,5,linux,-0.5439205541051428,0.5439205541051428
Massively Multiplayer,6,publisher_popularity,-0.4201916891179864,0.4201916891179864
Massively Multiplayer,7,supported_languages_count,0.3944294073351669,0.3944294073351669
Massively Multiplayer,8,required_age,-0.2919047991692259,0.2919047991692259
Massively Multiplayer,9,package_groups_count,-0.2819693558129975,0.2819693558129975
Massively Multiplayer,10,screenshots_count,0.1759345024173452,0.1759345024173452
Photo Editing,1,demos_count,-1.966868665123993,1.966868665123993
Photo Editing,2,packages_count,-1.7316844205898902,1.7316844205898902
Photo Editing,3,package_groups_count,1.670959737148009,1.670959737148009
Photo Editing,4,dlc_count,-1.6285676610095037,1.6285676610095037
Photo Editing,5,mac,-1.6020703045462839,1.6020703045462839
Photo Editing,6,linux,-0.9349775702204418,0.9349775702204418
Photo Editing,7,movies_count,0.8659435062816968,0.8659435062816968
Photo Editing,8,required_age,-0.787326354470982,0.787326354470982
Photo Editing,9,publisher_popularity,-0.4496699533397519,0.4496699533397519
Photo Editing,10,price,0.38823898572191545,0.38823898572191545
RPG,1,win,0.7219769647177978,0.7219769647177978
RPG,2,supported_languages_count,0.28850852427842555,0.28850852427842555
RPG,3,publisher_popularity,-0.1163202312006666,0.1163202312006666
RPG,4,price,0.10478655031457575,0.10478655031457575
RPG,5,demos_count,-0.08079613626923025,0.08079613626923025
RPG,6,is_free,0.06658456034806783,0.06658456034806783
RPG,7,package_groups_count,-0.06533944397367004,0.06533944397367004
RPG,8,dlc_count,-0.06502796474476157,0.06502796474476157
RPG,9,required_age,-0.04884858496989375,0.04884858496989375
RPG,10,packages_count,-0.0361182983853763,0.0361182983853763
Racing,1,mac,-0.8053000354521717,0.8053000354521717
Racing,2,win,0.5473812415473648,0.5473812415473648
Racing,3,dlc_count,-0.3412863905015766,0.3412863905015766
Racing,4,demos_count,0.3058147925683639,0.3058147925683639
Racing,5,required_age,-0.26000904122349966,0.26000904122349966
Racing,6,movies_count,0.1939065143668158,0.1939065143668158
Racing,7,publisher_popularity,0.17145964077509593,0.17145964077509593
Racing,8,is_free,0.16265284475921302,0.16265284475921302
Racing,9,developer_popularity,-0.15115607202719059,0.15115607202719059
Racing,10,price,-0.12350865859851252,0.12350865859851252
Simulation,1,win,0.6419834909252196,0.6419834909252196
Simulation,2,mac,-0.23320729456268627,0.23320729456268627
Simulation,3,dlc_count,-0.21623979126839563,0.21623979126839563
Simulation,4,demos_count,-0.19835828259936664,0.19835828259936664
Simulation,5,screenshots_count,0.17344238066897952,0.17344238066897952
Simulation,6,package_groups_count,-0.14881383383414507,0.14881383383414507
Simulation,7,packages_count,0.14391161761650814,0.14391161761650814
Simulation,8,supported_languages_count,0.11117864834987405,0.11117864834987405
Simulation,9,linux,0.10420345400270255,0.10420345400270255
Simulation,10,is_free,0.10244532214960639,0.10244532214960639
Software Training,1,dlc_count,-1.8726410812520937,1.8726410812520937
Software Training,2,mac,-1.6365763334159549,1.6365763334159549
Software Training,3,demos_count,-1.6335693677993348,1.6335693677993348
Software Training,4,screenshots_count,-1.5330725071173843,1.5330725071173843
Software Training,5,linux,-1.3109996662208425,1.3109996662208425
Software Training,6,package_groups_count,1.0848700253232912,1.0848700253232912
Software Training,7,packages_count,-0.7262469289550255,0.7262469289550255
Software Training,8,publisher_popularity,-0.7102158766525329,0.7102158766525329
Software Training,9,movies_count,0.6760178619183238,0.6760178619183238
Software Training,10,price,0.5688495093013687,0.5688495093013687
Sports,1,dlc_count,-0.3768675945617545,0.3768675945617545
Sports,2,win,0.3592332197852601,0.3592332197852601
Sports,3,mac,-0.3542590562451278,0.3542590562451278
Sports,4,is_free,-0.3247896993878365,0.3247896993878365
Sports,5,supported_languages_count,0.30704273262994963,0.30704273262994963
Sports,6,required_age,-0.23637301856305956,0.23637301856305956
Sports,7,packages_count,0.2059325163316458,0.2059325163316458
Sports,8,price,0.08893371520190453,0.08893371520190453
Sports,9,developer_popularity,-0.07355563600485654,0.07355563600485654
Sports,10,demos_count,0.05787381478449375,0.05787381478449375
Strategy,1,win,0.5205924104645258,0.5205924104645258
Strategy,2,supported_languages_count,0.423763834220158,0.423763834220158
Strategy,3,demos_count,-0.4040457740532959,0.4040457740532959
Strategy,4,mac,0.32480479574792576,0.32480479574792576
Strategy,5,package_groups_count,-0.2586759337883341,0.2586759337883341
Strategy,6,is_free,-0.23369235984653144,0.23369235984653144
Strategy,7,linux,-0.2224517857418945,0.2224517857418945
Strategy,8,packages_count,0.20368359562530916,0.20368359562530916
Strategy,9,required_age,-0.10423570244636164,0.10423570244636164
Strategy,10,dlc_count,-0.10233628069318458,0.10233628069318458
Utilities,1,dlc_count,-1.7711046113943876,1.7711046113943876
Utilities,2,is_free,1.5080072673430014,1.5080072673430014
Utilities,3,mac,-1.3155699646757533,1.3155699646757533
Utilities,4,linux,-0.8549541198265523,0.8549541198265523
Utilities,5,package_groups_count,0.7753382566038892,0.7753382566038892
Utilities,6,packages_count,-0.6800995745378534,0.6800995745378534
Utilities,7,publisher_popularity,-0.39832878479217926,0.39832878479217926
Utilities,8,movies_count,-0.34810032534497476,0.34810032534497476
Utilities,9,demos_count,0.33983664813399184,0.33983664813399184
Utilities,10,price,0.3381495044377636,0.3381495044377636
Video Production,1,dlc_count,-2.2323346725537223,2.2323346725537223
Video Production,2,mac,-1.2766278764214742,1.2766278764214742
Video Production,3,linux,-0.8694795332509472,0.8694795332509472
Video Production,4,packages_count,-0.75537228159584,0.75537228159584
Video Production,5,package_groups_count,0.7409152856839761,0.7409152856839761
Video Production,6,publisher_popularity,-0.6832546443932396,0.6832546443932396
Video Production,7,price,0.6350537117342651,0.6350537117342651
Video Production,8,supported_languages_count,0.5597253303592395,0.5597253303592395
Video Production,9,win,0.5597079913164098,0.5597079913164098
Video Production,10,required_age,-0.4212505146243744,0.4212505146243744
Violent,1,dlc_count,-2.918486323887103,2.918486323887103
Violent,2,linux,-1.9520849772059414,1.9520849772059414
Violent,3,demos_count,-1.744452335131891,1.744452335131891
Violent,4,mac,0.9484328380844778,0.9484328380844778
Violent,5,packages_count,-0.7160824768976987,0.7160824768976987
Violent,6,win,0.4574110078686413,0.4574110078686413
Violent,7,supported_languages_count,0.45737861240319483,0.45737861240319483
Violent,8,package_groups_count,0.36325434696033115,0.36325434696033115
Violent,9,publisher_popularity,-0.35358522930202446,0.35358522930202446
Violent,10,required_age,-0.19378722457402167,0.19378722457402167
