feature,mean_abs_coef_across_labels
mac,1.243225328132802
demos_count,1.0819652115157075
linux,1.0106527315735723
is_free,0.9755602047877407
dlc_count,0.9021655066567441
price,0.8996496810458312
movies_count,0.7979442956987658
packages_count,0.6766467824131169
win,0.6626632481564689
required_age,0.6610757774434491
supported_languages_count,0.6281397328768462
publisher_popularity,0.6133589075382772
package_groups_count,0.5930678301942873
screenshots_count,0.3986611626287586
developer_popularity,0.20133828626015393
