label,rank,feature,coef,|coef|
Action,1,is_free,-0.6136336478136318,0.6136336478136318
Action,2,win,0.5788350677488935,0.5788350677488935
Action,3,mac,-0.5150712770151921,0.5150712770151921
Action,4,supported_languages_count,0.3808338843071409,0.3808338843071409
Action,5,linux,-0.20450632612839761,0.20450632612839761
Action,6,screenshots_count,0.19848686148411643,0.19848686148411643
Action,7,package_groups_count,-0.1777061157914086,0.1777061157914086
Action,8,required_age,0.14676683154631456,0.14676683154631456
Action,9,developer_popularity,-0.1170789016387706,0.1170789016387706
Action,10,demos_count,0.09137872977031314,0.09137872977031314
Adventure,1,supported_languages_count,0.6720731980889795,0.6720731980889795
Adventure,2,linux,-0.3948653712338977,0.3948653712338977
Adventure,3,demos_count,0.39048623634384066,0.39048623634384066
Adventure,4,dlc_count,-0.37983221475559875,0.37983221475559875
Adventure,5,is_free,-0.23893047425148173,0.23893047425148173
Adventure,6,mac,0.23322142924345193,0.23322142924345193
Adventure,7,package_groups_count,-0.22598733773033197,0.22598733773033197
Adventure,8,price,-0.11462308510657608,0.11462308510657608
Adventure,9,publisher_popularity,-0.10950264665923566,0.10950264665923566
Adventure,10,packages_count,0.10717463407075146,0.10717463407075146
Animation & Modeling,1,mac,-2.4407390198587096,2.4407390198587096
Animation & Modeling,2,is_free,2.3243349484787466,2.3243349484787466
Animation & Modeling,3,movies_count,2.098662029127434,2.098662029127434
Animation & Modeling,4,required_age,-1.8675163523683256,1.8675163523683256
Animation & Modeling,5,demos_count,-1.8422395458874803,1.8422395458874803
Animation & Modeling,6,packages_count,-1.623003261076034,1.623003261076034
Animation & Modeling,7,linux,-1.5881354077924525,1.5881354077924525
Animation & Modeling,8,price,1.272165310268657,1.272165310268657
Animation & Modeling,9,dlc_count,-1.221718939999753,1.221718939999753
Animation & Modeling,10,supported_languages_count,-1.2086764489719442,1.2086764489719442
Audio Production,1,demos_count,2.8062294445724447,2.8062294445724447
Audio Production,2,movies_count,-2.654856246285555,2.654856246285555
Audio Production,3,supported_languages_count,-1.7190059801023736,1.7190059801023736
Audio Production,4,win,-1.718826928773682,1.718826928773682
Audio Production,5,price,0.9894189397529841,0.9894189397529841
Audio Production,6,mac,-0.8154562401614497,0.8154562401614497
Audio Production,7,linux,-0.573999246274833,0.573999246274833
Audio Production,8,package_groups_count,0.48265619787462777,0.48265619787462777
Audio Production,9,required_age,-0.42345035165254363,0.42345035165254363
Audio Production,10,screenshots_count,0.41882537455727076,0.41882537455727076
Casual,1,required_age,-0.5654166353813849,0.5654166353813849
Casual,2,developer_popularity,0.4785523887736822,0.4785523887736822
Casual,3,dlc_count,-0.4505027791045358,0.4505027791045358
Casual,4,demos_count,-0.4238433004179207,0.4238433004179207
Casual,5,is_free,0.4175614475220319,0.4175614475220319
Casual,6,price,-0.29273835115421476,0.29273835115421476
Casual,7,package_groups_count,0.28394703409637473,0.28394703409637473
Casual,8,linux,0.2794434436516077,0.2794434436516077
Casual,9,supported_languages_count,0.2200657695548047,0.2200657695548047
Casual,10,win,-0.16430583432815257,0.16430583432815257
Design & Illustration,1,mac,-2.368670895848831,2.368670895848831
Design & Illustration,2,movies_count,2.147396026739173,2.147396026739173
Design & Illustration,3,is_free,2.134104547776955,2.134104547776955
Design & Illustration,4,demos_count,-1.8369489200356874,1.8369489200356874
Design & Illustration,5,required_age,-1.756762413766044,1.756762413766044
Design & Illustration,6,linux,-1.5724713150965144,1.5724713150965144
Design & Illustration,7,packages_count,-1.526984489810321,1.526984489810321
Design & Illustration,8,supported_languages_count,-1.222929409232883,1.222929409232883
Design & Illustration,9,dlc_count,-1.1425676712145705,1.1425676712145705
Design & Illustration,10,win,-0.9679574844422375,0.9679574844422375
Early Access,1,dlc_count,-2.8800250726718506,2.8800250726718506
Early Access,2,packages_count,-1.4017285245527331,1.4017285245527331
Early Access,3,publisher_popularity,-1.1786046805777535,1.1786046805777535
Early Access,4,package_groups_count,0.9175634417983832,0.9175634417983832
Early Access,5,win,0.4349691425247597,0.4349691425247597
Early Access,6,price,0.3634492773623272,0.3634492773623272
Early Access,7,linux,-0.3618945163777398,0.3618945163777398
Early Access,8,supported_languages_count,0.2508320505694956,0.2508320505694956
Early Access,9,developer_popularity,0.17043895880245655,0.17043895880245655
Early Access,10,movies_count,0.15158865180485248,0.15158865180485248
Education,1,movies_count,2.4330142656760287,2.4330142656760287
Education,2,is_free,2.174592856041389,2.174592856041389
Education,3,linux,-2.089330739788455,2.089330739788455
Education,4,supported_languages_count,-1.9705040239416174,1.9705040239416174
Education,5,mac,1.911409811141887,1.911409811141887
Education,6,win,-1.7818780397859602,1.7818780397859602
Education,7,price,-1.4573410385282897,1.4573410385282897
Education,8,demos_count,-1.2876741588010265,1.2876741588010265
Education,9,packages_count,-1.2429905198319833,1.2429905198319833
Education,10,screenshots_count,-1.138208140085518,1.138208140085518
Free to Play,1,is_free,3.570587053490845,3.570587053490845
Free to Play,2,price,-1.5823424955595258,1.5823424955595258
Free to Play,3,package_groups_count,-1.412052761383381,1.412052761383381
Free to Play,4,win,-0.791079366720739,0.791079366720739
Free to Play,5,movies_count,0.7662051931651507,0.7662051931651507
Free to Play,6,supported_languages_count,-0.7240019329389521,0.7240019329389521
Free to Play,7,packages_count,0.4996126345096685,0.4996126345096685
Free to Play,8,screenshots_count,-0.3865072330970038,0.3865072330970038
Free to Play,9,linux,0.2843045599397838,0.2843045599397838
Free to Play,10,developer_popularity,0.17362786104651443,0.17362786104651443
Game Development,1,mac,-2.084041201146047,2.084041201146047
Game Development,2,required_age,-1.9091410618764915,1.9091410618764915
Game Development,3,movies_count,1.846930371344189,1.846930371344189
Game Development,4,demos_count,-1.8198957445380748,1.8198957445380748
Game Development,5,price,1.6723218427463762,1.6723218427463762
Game Development,6,publisher_popularity,-1.4134281704291258,1.4134281704291258
Game Development,7,linux,-1.3426875213538407,1.3426875213538407
Game Development,8,packages_count,-1.2918036978015919,1.2918036978015919
Game Development,9,dlc_count,-1.2757362635192473,1.2757362635192473
Game Development,10,supported_languages_count,-1.25307172085495,1.25307172085495
Gore,1,price,-3.7460329600741904,3.7460329600741904
Gore,2,is_free,-3.324329446253073,3.324329446253073
Gore,3,linux,-3.202055973499734,3.202055973499734
Gore,4,mac,2.762483211489196,2.762483211489196
Gore,5,demos_count,-2.4058224935140857,2.4058224935140857
Gore,6,screenshots_count,1.4678935016541466,1.4678935016541466
Gore,7,dlc_count,-1.1222633160472653,1.1222633160472653
Gore,8,packages_count,-1.050452521458191,1.050452521458191
Gore,9,supported_languages_count,-0.9232337883866003,0.9232337883866003
Gore,10,win,-0.9197720458042671,0.9197720458042671
Indie,1,win,0.8562879998569195,0.8562879998569195
Indie,2,dlc_count,-0.6805069324073258,0.6805069324073258
Indie,3,linux,0.5529802159195598,0.5529802159195598
Indie,4,price,-0.5414708873482945,0.5414708873482945
Indie,5,demos_count,0.3273545306248075,0.3273545306248075
Indie,6,developer_popularity,0.3199372739389695,0.3199372739389695
Indie,7,is_free,-0.2402889051451952,0.2402889051451952
Indie,8,packages_count,-0.24015455902412516,0.24015455902412516
Indie,9,publisher_popularity,-0.20623488909781487,0.20623488909781487
Indie,10,screenshots_count,0.1760385039247806,0.1760385039247806
Massively Multiplayer,1,demos_count,-2.4124985510142323,2.4124985510142323
Massively Multiplayer,2,is_free,1.354311886353563,1.354311886353563
Massively Multiplayer,3,dlc_count,-1.3243481923160216,1.3243481923160216
Massively Multiplayer,4,linux,-1.208228748094372,1.208228748094372
Massively Multiplayer,5,publisher_popularity,-0.911990512011159,0.911990512011159
Massively Multiplayer,6,required_age,-0.6132416396361728,0.6132416396361728
Massively Multiplayer,7,package_groups_count,-0.5577489762813787,0.5577489762813787
Massively Multiplayer,8,screenshots_count,0.46928830854167974,0.46928830854167974
Massively Multiplayer,9,price,0.3523897220825229,0.3523897220825229
Massively Multiplayer,10,mac,0.35066787283985335,0.35066787283985335
Photo Editing,1,mac,-2.075550163615,2.075550163615
Photo Editing,2,movies_count,1.9973996969351795,1.9973996969351795
Photo Editing,3,demos_count,-1.8145701305560176,1.8145701305560176
Photo Editing,4,required_age,-1.770231841104132,1.770231841104132
Photo Editing,5,linux,-1.3618650783678454,1.3618650783678454
Photo Editing,6,supported_languages_count,-1.2852987034973316,1.2852987034973316
Photo Editing,7,win,-1.2724340765023383,1.2724340765023383
Photo Editing,8,package_groups_count,1.2325214271454095,1.2325214271454095
Photo Editing,9,packages_count,-1.1919925008035201,1.1919925008035201
Photo Editing,10,dlc_count,-1.1697921236830884,1.1697921236830884
RPG,1,win,0.4747646959161304,0.4747646959161304
RPG,2,publisher_popularity,-0.25052231938852115,0.25052231938852115
RPG,3,supported_languages_count,0.23623973031359116,0.23623973031359116
RPG,4,price,0.22593167087229823,0.22593167087229823
RPG,5,dlc_count,-0.16414956394991814,0.16414956394991814
RPG,6,demos_count,-0.15154708089001398,0.15154708089001398
RPG,7,is_free,0.14090620419157748,0.14090620419157748
RPG,8,package_groups_count,-0.12314976391811856,0.12314976391811856
RPG,9,required_age,-0.10700061928427995,0.10700061928427995
RPG,10,packages_count,-0.07788024164875483,0.07788024164875483
Racing,1,mac,-1.8156820812429777,1.8156820812429777
Racing,2,required_age,-0.6210151392477786,0.6210151392477786
Racing,3,demos_count,0.6025511833375272,0.6025511833375272
Racing,4,movies_count,0.4753862351330367,0.4753862351330367
Racing,5,dlc_count,-0.41885155178518413,0.41885155178518413
Racing,6,publisher_popularity,0.39172472109863876,0.39172472109863876
Racing,7,developer_popularity,-0.3221660464767588,0.3221660464767588
Racing,8,price,-0.30929714044435946,0.30929714044435946
Racing,9,win,0.26623078080657103,0.26623078080657103
Racing,10,is_free,0.25935608778831,0.25935608778831
Simulation,1,dlc_count,-0.4556153760147943,0.4556153760147943
Simulation,2,mac,-0.4445510799708992,0.4445510799708992
Simulation,3,demos_count,-0.4063813440189559,0.4063813440189559
Simulation,4,win,0.4000456469387939,0.4000456469387939
Simulation,5,screenshots_count,0.39709842395720923,0.39709842395720923
Simulation,6,package_groups_count,-0.2925643010591558,0.2925643010591558
Simulation,7,packages_count,0.28349757689499844,0.28349757689499844
Simulation,8,is_free,0.2242466311710231,0.2242466311710231
Simulation,9,linux,0.1726118791663334,0.1726118791663334
Simulation,10,required_age,-0.1554241399898331,0.1554241399898331
Software Training,1,mac,-2.5311459094431603,2.5311459094431603
Software Training,2,screenshots_count,-2.414789975550214,2.414789975550214
Software Training,3,demos_count,-1.8823075223341093,1.8823075223341093
Software Training,4,price,1.8140855839735543,1.8140855839735543
Software Training,5,publisher_popularity,-1.760248864181187,1.760248864181187
Software Training,6,movies_count,1.5459307082058913,1.5459307082058913
Software Training,7,linux,-1.5041672852145984,1.5041672852145984
Software Training,8,required_age,-1.414625242575198,1.414625242575198
Software Training,9,package_groups_count,1.3994247545448053,1.3994247545448053
Software Training,10,dlc_count,-1.3531553537199714,1.3531553537199714
Sports,1,mac,-0.7166627449598802,0.7166627449598802
Sports,2,is_free,-0.6628295877592613,0.6628295877592613
Sports,3,required_age,-0.6252499853601017,0.6252499853601017
Sports,4,dlc_count,-0.5558257005338513,0.5558257005338513
Sports,5,packages_count,0.43465876432194883,0.43465876432194883
Sports,6,win,0.253092191694123,0.253092191694123
Sports,7,price,0.1950672021707214,0.1950672021707214
Sports,8,supported_languages_count,0.17729445464185553,0.17729445464185553
Sports,9,developer_popularity,-0.14570437224030428,0.14570437224030428
Sports,10,demos_count,0.119389870673892,0.119389870673892
Strategy,1,demos_count,-0.7502768558251424,0.7502768558251424
Strategy,2,mac,0.6244328221892564,0.6244328221892564
Strategy,3,package_groups_count,-0.5093355217635035,0.5093355217635035
Strategy,4,packages_count,0.4210770661338275,0.4210770661338275
Strategy,5,linux,-0.4056641097851356,0.4056641097851356
Strategy,6,is_free,-0.3979451012798954,0.3979451012798954
Strategy,7,win,0.3915782163442889,0.3915782163442889
Strategy,8,supported_languages_count,0.2622443722444965,0.2622443722444965
Strategy,9,required_age,-0.25677635669719817,0.25677635669719817
Strategy,10,dlc_count,-0.22413948598677969,0.22413948598677969
Utilities,1,is_free,2.9664949918208827,2.9664949918208827
Utilities,2,mac,-2.2521702982944087,2.2521702982944087
Utilities,3,dlc_count,-1.4857878799821131,1.4857878799821131
Utilities,4,linux,-1.3580459973222132,1.3580459973222132
Utilities,5,price,1.2012582093452577,1.2012582093452577
Utilities,6,package_groups_count,1.146574999008106,1.146574999008106
Utilities,7,publisher_popularity,-1.0692007276175373,1.0692007276175373
Utilities,8,packages_count,-1.055386393945115,1.055386393945115
Utilities,9,demos_count,0.727548350072856,0.727548350072856
Utilities,10,movies_count,-0.7016436571286083,0.7016436571286083
Video Production,1,mac,-2.2191872113181375,2.2191872113181375
Video Production,2,price,2.0516505340342253,2.0516505340342253
Video Production,3,publisher_popularity,-1.734608436072237,1.734608436072237
Video Production,4,dlc_count,-1.4172569927979801,1.4172569927979801
Video Production,5,package_groups_count,1.220956892405217,1.220956892405217
Video Production,6,linux,-1.210352619302036,1.210352619302036
Video Production,7,required_age,-1.031330930307454,1.031330930307454
Video Production,8,packages_count,-0.8527832258099838,0.8527832258099838
Video Production,9,screenshots_count,-0.43018732835959766,0.43018732835959766
Video Production,10,supported_languages_count,-0.42407252668468526,0.42407252668468526
Violent,1,linux,-3.24814906902024,3.24814906902024
Violent,2,demos_count,-2.3096585554538382,2.3096585554538382
Violent,3,mac,2.010896718571766,2.010896718571766
Violent,4,dlc_count,-1.996902445423628,1.996902445423628
Violent,5,packages_count,-1.2386841614361572,1.2386841614361572
Violent,6,publisher_popularity,-0.7566959414257238,0.7566959414257238
Violent,7,package_groups_count,0.5744096687380267,0.5744096687380267
Violent,8,required_age,-0.4115952932396149,0.4115952932396149
Violent,9,screenshots_count,0.4071753317204203,0.4071753317204203
Violent,10,movies_count,-0.2677823240030352,0.2677823240030352
