feature,mean_impurity_importance_across_labels
screenshots_count,0.3020875770452114
price,0.2963318902744266
movies_count,0.15448974642284014
dlc_count,0.04092693690356699
mac,0.037040411588785904
demos_count,0.034261389862604845
is_free,0.03330110054698983
packages_count,0.029680587955751854
linux,0.021700696414226704
publisher_popularity,0.018246593598835636
package_groups_count,0.016158434563782593
developer_popularity,0.008347118198369157
required_age,0.005318834219889913
win,0.0015165742057376267
supported_languages_count,0.000592108198980846
