label,rank,feature,importance
Action,1,price,0.3153973150059561
Action,2,screenshots_count,0.2990487177431454
Action,3,movies_count,0.10068349351811083
Action,4,dlc_count,0.05451437959701061
Action,5,packages_count,0.03926621301545173
Action,6,mac,0.03717128469151623
Action,7,linux,0.029562210126092486
Action,8,demos_count,0.02944970000223764
Action,9,publisher_popularity,0.027461646351651936
Action,10,is_free,0.020085719545296258
Adventure,1,price,0.31946088873846107
Adventure,2,screenshots_count,0.2862455262868442
Adventure,3,movies_count,0.10567449876030055
Adventure,4,dlc_count,0.06801113771738866
Adventure,5,mac,0.03776717100228633
Adventure,6,packages_count,0.035844845372281824
Adventure,7,linux,0.03274908591319261
Adventure,8,demos_count,0.029818565803850047
Adventure,9,publisher_popularity,0.028961376498287488
Adventure,10,package_groups_count,0.01568252174428664
Animation & Modeling,1,screenshots_count,0.4513965670982982
Animation & Modeling,2,movies_count,0.2326943375411699
Animation & Modeling,3,price,0.18064783250442007
Animation & Modeling,4,is_free,0.030849069502203827
Animation & Modeling,5,dlc_count,0.028977309459237658
Animation & Modeling,6,mac,0.02719268735533484
Animation & Modeling,7,packages_count,0.009968489812790898
Animation & Modeling,8,publisher_popularity,0.00927703530747044
Animation & Modeling,9,developer_popularity,0.00806205578985386
Animation & Modeling,10,demos_count,0.007022641999025837
Audio Production,1,price,0.3799654528754721
Audio Production,2,demos_count,0.22072694790326544
Audio Production,3,movies_count,0.18119000194335014
Audio Production,4,screenshots_count,0.14390412855781656
Audio Production,5,packages_count,0.018958000852098925
Audio Production,6,mac,0.0159878138725392
Audio Production,7,dlc_count,0.014137967248824976
Audio Production,8,required_age,0.01093605031682334
Audio Production,9,linux,0.00543478655466396
Audio Production,10,package_groups_count,0.003969667366775976
Casual,1,price,0.2976133381794208
Casual,2,screenshots_count,0.2856585329077641
Casual,3,movies_count,0.10333906179734893
Casual,4,dlc_count,0.06625743017324123
Casual,5,mac,0.042987376517906045
Casual,6,linux,0.03414652519880132
Casual,7,developer_popularity,0.033046655003454224
Casual,8,publisher_popularity,0.03267044713373809
Casual,9,packages_count,0.03159013081423729
Casual,10,demos_count,0.026509354932032603
Design & Illustration,1,screenshots_count,0.3593937290141442
Design & Illustration,2,movies_count,0.31263420380619106
Design & Illustration,3,price,0.17872808425215983
Design & Illustration,4,dlc_count,0.036243690613461964
Design & Illustration,5,mac,0.024408249948746043
Design & Illustration,6,packages_count,0.02112245429135265
Design & Illustration,7,is_free,0.020851420393904554
Design & Illustration,8,demos_count,0.013568262058455285
Design & Illustration,9,publisher_popularity,0.008778925121708888
Design & Illustration,10,package_groups_count,0.008181898137765839
Early Access,1,screenshots_count,0.33985285681004224
Early Access,2,price,0.316680986615887
Early Access,3,movies_count,0.1162249104266571
Early Access,4,mac,0.04147576104777392
Early Access,5,demos_count,0.03572033078740338
Early Access,6,dlc_count,0.035192957444884425
Early Access,7,linux,0.02934977222013997
Early Access,8,packages_count,0.02167858866233481
Early Access,9,publisher_popularity,0.01805522636524515
Early Access,10,is_free,0.015563070980112783
Education,1,movies_count,0.3085202743774923
Education,2,screenshots_count,0.24376317956362634
Education,3,price,0.10997884087804055
Education,4,mac,0.10003131960534327
Education,5,linux,0.07732642019556439
Education,6,is_free,0.05482939738845224
Education,7,dlc_count,0.046175427007924374
Education,8,packages_count,0.02720840219160764
Education,9,demos_count,0.012908021716739057
Education,10,package_groups_count,0.012065969668875215
Free to Play,1,is_free,0.36960826754367604
Free to Play,2,screenshots_count,0.19502999866558957
Free to Play,3,movies_count,0.09322627949074956
Free to Play,4,price,0.08078137906973422
Free to Play,5,package_groups_count,0.059225780898019977
Free to Play,6,packages_count,0.055608141080155195
Free to Play,7,dlc_count,0.05011468662520794
Free to Play,8,linux,0.031028035059159912
Free to Play,9,mac,0.028973911134179325
Free to Play,10,demos_count,0.015986873016995126
Game Development,1,screenshots_count,0.4190324795992019
Game Development,2,price,0.3084851799945161
Game Development,3,movies_count,0.18116323328165915
Game Development,4,dlc_count,0.022402990335843215
Game Development,5,publisher_popularity,0.015752326845659203
Game Development,6,mac,0.014030649043878718
Game Development,7,developer_popularity,0.013102530598895518
Game Development,8,demos_count,0.012090445312053007
Game Development,9,packages_count,0.0063680636442527
Game Development,10,required_age,0.004440609163479817
Gore,1,screenshots_count,0.48615378318460406
Gore,2,price,0.21052195921926475
Gore,3,movies_count,0.1049994934746874
Gore,4,mac,0.05722294850729847
Gore,5,is_free,0.031042996037659278
Gore,6,package_groups_count,0.027685949482492877
Gore,7,packages_count,0.02582958295680518
Gore,8,linux,0.021481023721071926
Gore,9,dlc_count,0.016189721486028413
Gore,10,demos_count,0.009673115120534623
Indie,1,price,0.34013817574799265
Indie,2,screenshots_count,0.2541834649530874
Indie,3,movies_count,0.10215289055892458
Indie,4,dlc_count,0.06464568660749025
Indie,5,publisher_popularity,0.04297151979226648
Indie,6,packages_count,0.03808994351813942
Indie,7,mac,0.03508288541631694
Indie,8,linux,0.025326940519105303
Indie,9,demos_count,0.020723423589056877
Indie,10,package_groups_count,0.018640236487364747
Massively Multiplayer,1,screenshots_count,0.34838139854094424
Massively Multiplayer,2,price,0.16395300397770793
Massively Multiplayer,3,movies_count,0.1375214071849894
Massively Multiplayer,4,package_groups_count,0.0663338540775692
Massively Multiplayer,5,mac,0.0646059368694657
Massively Multiplayer,6,packages_count,0.06299292855542056
Massively Multiplayer,7,dlc_count,0.0505813226829837
Massively Multiplayer,8,is_free,0.04259057252867868
Massively Multiplayer,9,linux,0.028923085312694056
Massively Multiplayer,10,demos_count,0.019500181968426063
Photo Editing,1,screenshots_count,0.32376418123107814
Photo Editing,2,movies_count,0.30174694824477316
Photo Editing,3,price,0.250527827867807
Photo Editing,4,dlc_count,0.03603748248959802
Photo Editing,5,packages_count,0.020881034101370186
Photo Editing,6,demos_count,0.017927395062052164
Photo Editing,7,mac,0.015156345983742445
Photo Editing,8,publisher_popularity,0.011063899618247322
Photo Editing,9,linux,0.006512512101382162
Photo Editing,10,developer_popularity,0.006032496515448398
RPG,1,screenshots_count,0.31622018934554325
RPG,2,price,0.2863095688818089
RPG,3,movies_count,0.1171111466240723
RPG,4,dlc_count,0.06769404083708579
RPG,5,mac,0.039763964428148724
RPG,6,packages_count,0.03584139332142941
RPG,7,linux,0.03281334406510508
RPG,8,demos_count,0.029602632320046868
RPG,9,publisher_popularity,0.024223006007689025
RPG,10,is_free,0.0168468229381398
Racing,1,price,0.3238483594123392
Racing,2,screenshots_count,0.31675419804627386
Racing,3,movies_count,0.1261678341559966
Racing,4,dlc_count,0.04578871170248755
Racing,5,publisher_popularity,0.04299742734029922
Racing,6,packages_count,0.03794145912876723
Racing,7,demos_count,0.03229845357197678
Racing,8,mac,0.017722832987721395
Racing,9,linux,0.016167038537811193
Racing,10,developer_popularity,0.013893547882780986
Simulation,1,price,0.3185898021254628
Simulation,2,screenshots_count,0.29964478214926243
Simulation,3,movies_count,0.10419914930546122
Simulation,4,dlc_count,0.055035853892111075
Simulation,5,packages_count,0.041571752294533186
Simulation,6,mac,0.03705185712929506
Simulation,7,linux,0.0275712445763719
Simulation,8,publisher_popularity,0.026200001329909958
Simulation,9,demos_count,0.025621717343262306
Simulation,10,package_groups_count,0.023388141271594762
Software Training,1,price,0.4191858284843852
Software Training,2,movies_count,0.2559403596162743
Software Training,3,screenshots_count,0.22271459242553693
Software Training,4,dlc_count,0.026045206870956916
Software Training,5,mac,0.017990969152053907
Software Training,6,packages_count,0.01796076724918219
Software Training,7,demos_count,0.013328971912618824
Software Training,8,publisher_popularity,0.010028429020757951
Software Training,9,package_groups_count,0.008210893650501335
Software Training,10,linux,0.0050944337189940654
Sports,1,price,0.42108542599311466
Sports,2,screenshots_count,0.2520536401338629
Sports,3,movies_count,0.09488660476248577
Sports,4,dlc_count,0.04014418873712324
Sports,5,packages_count,0.03518130744512723
Sports,6,publisher_popularity,0.035172075959780634
Sports,7,mac,0.033153232854140756
Sports,8,demos_count,0.02857561067714995
Sports,9,linux,0.020245408642661524
Sports,10,developer_popularity,0.013890947603898057
Strategy,1,price,0.33126671404121194
Strategy,2,screenshots_count,0.2775513950060893
Strategy,3,movies_count,0.10141763378346337
Strategy,4,dlc_count,0.06311582935607238
Strategy,5,mac,0.04416897937142059
Strategy,6,packages_count,0.04189469921745006
Strategy,7,publisher_popularity,0.03162599838023607
Strategy,8,linux,0.030772780594675735
Strategy,9,demos_count,0.024889742945039695
Strategy,10,is_free,0.01790954125141269
Utilities,1,price,0.35107471210881463
Utilities,2,screenshots_count,0.2543766695476129
Utilities,3,movies_count,0.19105057825354685
Utilities,4,demos_count,0.09658398592711959
Utilities,5,mac,0.02602989705035059
Utilities,6,is_free,0.02218174089116289
Utilities,7,dlc_count,0.016312818915199787
Utilities,8,packages_count,0.015216637118210965
Utilities,9,linux,0.009111400679350864
Utilities,10,required_age,0.0067757404877975035
Video Production,1,price,0.5497406425477579
Video Production,2,screenshots_count,0.21652901966418317
Video Production,3,movies_count,0.11595719572474844
Video Production,4,demos_count,0.058627158857053385
Video Production,5,dlc_count,0.013360961880710306
Video Production,6,mac,0.010576599476512754
Video Production,7,packages_count,0.009829080361972801
Video Production,8,publisher_popularity,0.00925332375825416
Video Production,9,required_age,0.004980300906362071
Video Production,10,linux,0.004648652053219318
Violent,1,price,0.36165215779007603
Violent,2,screenshots_count,0.35636124156531074
Violent,3,mac,0.08337679309610459
Violent,4,movies_count,0.06476263109287042
Violent,5,is_free,0.03540653304819269
Violent,6,packages_count,0.031809607977320534
Violent,7,dlc_count,0.02433974710116828
Violent,8,linux,0.017469545286469264
Violent,9,package_groups_count,0.011521804873136067
Violent,10,demos_count,0.006858434013516779
